Eq Diam,Count,Volume Fraction
0.6,0.0,0.0
0.7080219714290389,0.0,0.0
0.8354918533771046,2155.05376344086,9.183698535101277e-08
0.9859109819015986,3330.537634408602,2.332170561877418e-07
1.163411061765849,3967.258064516129,4.564811717118335e-07
1.3728676558896795,4359.086021505376,8.241652720114921e-07
1.6200341070569575,3281.559139784946,1.0194960805754546e-06
1.9116995704345832,2840.752688172043,1.4501909986818093e-06
2.2558754977319007,2399.94623655914,2.0131667339456e-06
2.6620156953376743,2243.02688172043,3.0917129485426067e-06
3.1412760009800405,2713.6021505376343,6.146067348748096e-06
3.70682071169436,2006.784946236559,7.46858672764652e-06
4.37418418004639,1673.763440860215,1.0235713593364513e-05
5.161697510916932,1115.3172043010752,1.120750401264421e-05
6.090992079332949,1009.7741935483872,1.667328688248803e-05
7.187593699946627,679.8279569892472,1.8445160116065267e-05
8.481623768778585,287.9569892473118,1.283800342101305e-05
10.008626636150014,466.84946236559136,3.42005570464877e-05
11.810545937040205,245.43548387096772,2.954473654480788e-05
13.936876696660718,166.4569892473118,3.292541514227228e-05
16.44602485722192,113.4784946236559,3.688325524353189e-05
19.406911569302075,84.0,4.486228788887755e-05
22.90086631441046,99.96774193548389,8.773006843101066e-05
27.023860858936278,39.0,5.6239266339742194e-05
31.88914540161352,33.98924731182795,8.053840798335235e-05
37.6303593240628,16.0,6.229711427435406e-05
44.40520199034342,9.0,5.758069603487292e-05
52.399764424846055,8.0,8.410287491306527e-05
61.83364085082788,3.0,5.18237174914297e-05
72.9659604930638,28.48924731182796,0.0008086763413260582
86.10250532585405,26.98924731182796,0.001258841317953446
101.60410927631742,51.47849462365591,0.00394541333648242
119.89656959184966,6.0,0.0007556216173406825
141.48234261666732,28.48924731182796,0.005895498765010405
166.95434523641913,52.97849462365591,0.018014642373901928
197.0122410882232,29.48924731182796,0.016476925297130973
232.48165888489467,102.95698924731182,0.09452676013662155
274.33687074129426,128.44623655913978,0.19377902957582402
323.7275534298741,17.0,0.0421425458290518
382.01036764219856,51.97849462365591,0.2117298050814198
450.78622267393536,6.0,0.04016021270663227
531.9442501177493,25.98924731182796,0.28584125476035127
627.7136944311841,3.0,0.0542174286095054
740.7251457069542,1.0,0.029696421264765214
874.082796584166,0.0,0.0
1031.4497080495485,0.0,0.0
1217.148426205246,0.0,0.0
1436.279713739318,0.0,0.0
1694.8626574087468,0.0,0.0
